id	name en	question en	name cs	question cs	description cs	návrh doprovodného textu	poznámky/možnosti/postřehy	další poznámky	name sk	question sk	description sk
	Data Protection	There should be a stronger common EU law on data protection.	Ochrana dat	Měly by být zpřísněny společné právní předpisy EU na ochranu dat.	Osobní data jsou např. data o zdravotním stavu, genetické vzorky nebo finanční údaje, informace o obchodních transakcích nebo o provedených telefonních hovorech a navštívených webových stránkách. Tyto údaje firmy používají pro svůj business nebo je shromažďuje policie či tajné služby.	V EU dochází denně k přeshraničním přesunům obrovského množství osobních ůdajů, a to mezi podniky, veřejnými orgány nebo jednotlivci. Zpřísněním společných právních předpisů by došlo k regulaci podmínek pro zpracování a nakládání s osobními údaji.	Každý den dochází na území EU k přeshraničním přesunům obrovského množství osobních ůdajů, a to mezi podniky, veřejnými orgány nebo jednotlivci. Zpřísněním společných právních předpisů by došlo k regulaci podmínek pro zpracování a nakládání s osobními údaji.		Ochrana dát	Mali by byť sprísnené spoločné právne predpisy EÚ na ochranu dát	
	Minimum Wage	The EU should promote the introduction of a minimum wage linked to the average salary in each member state.	Minimální mzda	V EU by se měla zavést minimální mzda navázaná na průměrný plat v jednotlivých státech EU.	Minimální mzda je v EU v průměru zhruba 40 % průměrné mzdy v dané zemi (nejméně 32 % v ČR, nejvíce 50 % ve Slovinsku a Řecku). V některých zemích (např. Švédsko) je minimální mzda stavonena spíše sektorově a ne celostátně. 	Tzv. Fiskální pakt podepsaly všechny země EU mimo ČR a Velkou Británii. Pakt mj. určuje omezení na schodek státních rozpočtů zemí EU (0.5 - 1 % z HDP). Nedodržení může vést k finančním sankcím. Oponenti ukazují na podřízení státního rozpočtu Evropské komisi. Obhájci říkají, že zamezí  vládám nadměrně zadlužovat zemi.	Minimální mzda by měla zabránit zaměstnavatelskému honu na co nejnižší pracovní náklady a zaměstnancům zajistit odpovídající pracovní ohodnocení. Napříč EU však neexistuje konsenzus o její výši zejména kvůli odlišným podmínkám v jednotlivých zemích. Odpůrci minimální mzdy argumentují, že ustanovení příliš vysoké minimální mzdy by paradoxně mohlo vést ke zvýšení nezaměstanosti.		Minimálna mzda	EÚ by mala podporovať zavedenie minimálnej mzdy, ktorá by odrážala minimálny plat v jendotlivých štátoch EÚ	
	Legislative Initiative	The European Parliament should have the power to introduce laws without asking the European Commission.	Legislativní iniciativa	Evropský parlament by měl mít pravomoc iniciovat zákon bez nutnosti oslovení Evropské komise.	Evropský parlament narozdíl od národního parlamentu nemůže předkládat sám nové zákony, pouze je schvaluje. Dle zastánců posilování pravomocí Evropský parlament přispívá k posílování evropské demokracie a měl by mít větší pravomoci. Kritici se ale obávají, že národní parlamenty ztratí část svých pravomocí.	Evropský parlament narozdíl od národního parlamentu nepředkládá legislativu, má “pouze” funkci zákonodárnou, rozpočtovou a kontrolní. Dle zastánců posilování pravomocí EP přispívá k posílování evropské demokracie. Kritici se ale obávají, že národní parlamenty ztratí část svých pravomocí.	Evropský parlament se od národního parlamentu líší v tom, že nepředkládá legislativu, ale “pouze” funkci zákonodárnou, rozpočtovou a kontrolní. Dle zastánců posilování pravomocí EP přispívá k posílování evropské demokracie. Kritici se ale obávají, že příliš silný EP může vést k tzv. deparlamentarizaci národních parlamentů.		Legislatívna iniciatíva	Európsky parlament by mal mať právomoc iniciovať zákon bez nutnosti oslovenia Európskej komisie	
	CO2 Emissions	The EU should set stricter targets for CO2 reduction.	Emise CO2	EU by měla vymezit striktnější cíle pro regulaci CO2.	V EU jsou zavedeny emisní povolenky pro energetické firmy, pomocí nichž se limitují emise skleníkového plynu CO2 (oxidu uhličitého), což má zmírnit klimatické problémy. Někteří je kritizují jako nedostatečné, kritici naopak upozorňují, že takové regulace vedou ke zvýšení cen energií.	V EU jsou zavedeny emisní povolenky pro energetické firmy, jejichž cílem je zmírnit klimatické problémy působené nadměrným vypouštěním emisí skleníkového plynu CO2 (oxidu uhličitého). Někteří lidé je kritizují jako nedostatečné, podle jiných přílišné regulace vedou ke zvýšení cen energií.	V dnešní době se stále více mluví o klimatických probléméch způsobených nadměrným vypouštěním emisí C02. EU tento problém nyní řeší tzv. emismíni povolenkami pro energetické firmy, které jsou často kritizovány jako nedostatečné. Na druhou stranu ale kritici těchto opatření tvrdí, že přílišné regulace povedou ke zvýšení cen energií.	Nahradit v textu otázky (ne ve vysvětlení) CO2 za "skleníkové plyny"? Tomu asi lidi spíš rozumí	Emisie CO2	Eú by mala vymedziť striktné ciele k regulácií CO2	
	Nuclear Power	EU member states should not be allowed to subsidise nuclear power.	Zákaz dotací jaderné energetika 	Státy EU by měly mít zakázáno dotovat jadernou energetiku.	Zastánci jaderné energetiky poukazují na vysokou efektivitu při spalování paliva a na velice nízké emise CO2 oproti jiné, např. uhelné či plynové energii. Kritici upozorňují, že jaderná energie není finančně konkurenceschopná a představuje bezpečnostní riziko.	Zastánci jaderné energetiky poukazují na vysokou efektivitu při spalování paliva a na velice nízké emise CO2 oproti jiné, např. uhelné či plynové energii. Kritici tvrdí, že jaderná energie představuje bezpečnostní riziko zejména kvůli uložištím radioaktivního odpadu nebo např. hrozbě terorismu.	Jaderná energetika má v EU své zastánce a také kritiky. Mezi hlavní výhody, podle zastánců, patří vysoká efektivita při spalování paliva s velice nízkými emisemi CO2 oproti jiné např. uhelné či plynové energii. Na druhou stranu její kritici tvrdí, že jaderná energie představuje vážné bezpečnostní riziko zejména kvůli uložištím radioaktivního odpadu nebo např. hrozbě terorismu.		Jadrová energetika	Štáty EÚ by mali mať zakázané dotovať jadrovú energetiku	
	Genetically-modified Crops	Growing genetically-modified crops should be allowed throughout the European Union.	Geneticky upravené plodiny	Mělo by být povoleno pěstovat geneticky upravené plodiny v celé EU.	Zastánci pěstování geneticky upravených plodin argumentují, že tyto plodiny zvyšují výnos a jsou odolnější vůči škůdcům, není nutné je tolik chemicky ošetřovat. Odpurci se obávají zdravotních rizik, dopadu na životní prostředí a závislosti na producentech takových plodin.	Zastánci pěstování geneticky upravených plodin argumentují, že tyto plodiny zvyšují výnos a jsou odolnější vůči škůdcům, což znamená, že je není nutné chemicky ošetřovat. Odpurci se obávají zdravotních rizik a dopadu na životní prostředí, která mohou být s těmito plodinami spojena.	Členské státy EU nakloněné pěstování geneticky upravených plodin, jako např. Španělsko, argumentují, že tyto plodiny zvyšují výnos a jsou odolnější vůči škůdcům, což znamená, že je není nutné chemicky ošetřovat. Odpurci se nicméně obávají zdravotních a environmentálních rizik, která mohou být s těmito plodinami spojena.	Jaké dopady na životní prostředí? Tady by asi bylo nutné dát příklad.	Genetický upravené plodiny	Malo by byť povolené pestovať geneticky upravené plodiny v celej EÚ	
	Import Taxes	Import taxes on agricultural products from developing countries should be lowered.	Dovozní cla	Dovozní cla na zemědělské produkty z rozvojových zemí by měla být snížena.	Zastánci dovozních cel argumentují ochranou a podporou ekonomik členských států vůči ostatním, aby nedošlo k zaplavení evropského trhu levnými zemědělskými produkty z rozvojových zemí. Kritici upozorňují, že cla limitují rozvoj zemí, jejichž důležitým obchodním artiklem jsou právě zemědělské produkty, a také, že zdražují potraviny pro zákazníky v EU.	Zastánci dovozních cel argumentují ochranou a podporou ekonomik členských států vůči těm nečlenským tak, aby nedošlo k zaplavení evropského trhu levnými zemědělskými produkty z rozvojových zemí. Kritici považují tato opatření za diskriminační, jelikož znevýhodňují zemědělce z rozvojových zemí, jejichž jediným možným vývozem jsou právě zemědělské produkty.	Smyslem dovozních cel na zemědělské výrobky je ochrana a podpora ekonomik členských států vůči těm nečlenským tak, aby nedošlo k zaplavení evropského trhu levnými zemědělskými produkty z rozvojových zemí. Kritici považují tato opatření za diskriminační, jelikož znevýhodňují zemědělce z rozvojových zemí, jejichž jediným možným vývozem jsou právě zemědělské produkty.		Dovozné cla	Dovozné clá na poľnohospodárske produkty z rozvojových krajín by mali byť znížené	
	Direct Election of the Commission President	European citizens should directly elect the President of the European Commission.	Přímá volba předsedy Evropské komise	Předseda Evropské komise by měl být volen v přímých volbách občany EU	Přímá volba předsedy komise by podle zastánců měla zvýšit úroveň demokracie v EU a zvýšit zájem občanů o EU. Její kritici argumentují, že přímá volba nepřináší žádné řešení současných problémů, ani nezvyšuje důvěryhodnost EU.	Přímá volba předsedy komise by podle jejích zastánců měla zvýšit zájem občanů o dění v EU a jejich motivaci jít k volbám. Její kritici argumentují, že přímá volba nepřináší žádné řešení současných problémů, ani nezvyšuje důvěryhodnost EU.	Přímá volba předsedy komise by podle jejích zastánců měla zvýšit zájem občanů o dění v EU a jejich motivaci jít k volbám. Její kritici však argumentují, že přímá volba nepřináší žádné řešení současných problémů, ani nezvyšuje důvěryhodnost EU.		Priama voľba predsedu Európskej komisie	Predseda Európskej komisie by mal byť zvolený v priamých voľbách občanmi EÚ	
	Minimum Rate for Corporate Taxes	A minimum corporation tax rate should be introduced throughout the EU.	Minimální sazba korporátní daně	Měla by být zavedena minimální sazba pro daně z příjmů u firem v celé EU.	Daně z příjmů je v EU mezi 10 % a 35 %. Zastánci minimální sazby kritizují existenci daňových rájů uvnitř EU (např. Kypr), kde mohou firmy platit daně namísto v zemi, kde zisk reálně vytvořili. Odpůrci upozorňují na zdravou soupeřivost mezi jednotlivými zeměmi. 	Podle zastámců minimální společné korporátní daně by její zavedení znamenalo ušetření výdajů na administrativu pro firmy působící ve více zemích EU a zamezení migrace firem do zemí s nižší daňovou zátěží. Nevýhodou by podle kritiků bylo znevýhodnění firem právě v těchto zemích a potlačení konkurenčního prostředí.	Korporátní daň neboli daň z příjmů právnických osob. Mezi zastánce minimální společné korporátní daně patří zejména společnosti působící ve více zemích EU, pro které by její zavedení znamenalo ušetření množství výdajů na administrativu. V zemích EU se tato daň pohybuje v rozmezí 10-35 %, a proto by další výhodou bylo zamezení migrace firem do zemí s nižší daňovou zátěží. Nevýhodou by pak podle kritiků bylo znevýhodnění firem právě v těchto zemích, potlačení konkurenčního prostředí a mohlo by dojít také k negativním dopadům na trh práce. 	http://www.podnikatel.cz/clanky/strasak-korporatni-dane-je-stale-na-blizku-jaky-by-mel-dopad-na-ceske-firmy/	Minimálna sadzba pre korporátne dane	Mala by byť zavedená minimálna sadzba pre korporátne dane naprieč EÚ	
	Internal Financial Assistance	There should be less financial assistance to poorer regions within the EU.	Nižší finanční pomoc regionům	Měla by se snížit finanční pomoc ekonomicky slabším regionům EU.	Zhruba 1/3 rozpočtu EU jde na regionální politiku. Hlavním cílem je podpora ekonomicky slabších regionů v EU, mezi něž se řadí celá ČR mimo Prahu.	Zhruba 1/3 rozpočtu EU jde na regionální politiku. Hlavním cílem je podpora ekonomicky slabších regionů v EU, mezi něž se řadí celá ČR mimo Prahu. Podle zastánců podpory chudších regionů díky ní dochází ke snižování rozdílů v životní úrovni, podle odpůrců znevýhodňuje firmy v bohatých regionech.	EU je největším světovým poskytovatelem rozvojové pomoci, z Evropy plyne 55 % světových prostředků určených na rozvojovou pomoc. Rozvojová pomoc od EU je realizována prostřednictvím řady podpůrných programů financovaných z rozpočtu EU. Kromě toho bylo vyčleněno pro období 2007 až 2013 z rozpočtu 22,68 mld. euro na pomoc zemím Afriky, Karibiku a Tichomoří.	http://en.wikipedia.org/wiki/Regional_policy_of_the_European_Union#Convergence	Finančná pomoc	Mala by sa znížiť finančná pomoc chudobným regiónom EÚ	mimo Bratislavu
	EU Enlargement	The European Union should not accept any new member states.	Zastavení rozšiřování EU	EU by měla zastavit přijímání dalších zemí.	V současné době jsou oficiálními kandidáty na členství Černá Hora, Island, Makedonie, Srbsko a Turecko. 	V souvislosti s rozšířením se hovoří o Islandu, Albánii, Bosně a Hercegovině, Makedonii, Černé Hořa, Kosovu, Srbsku a Turecku. Podle zastánců by rozšíření zvedlo životní úroveň v daných zemích a zvětšilo společný trh EU, kritici poukazují na problémy migrace či bezpečnosti vnějších hranic.	Nyní se v souvislosti s rozšířením EU hovoří o státech: Albánie, Bosna a Hercegovina, Bývalá jugoslávská republika Makedonie, Černá Hora, Island, Kosovo, Srbsko a Turecko. Představitelé EU se obecně staví k dalšímu rozšiřování pozitivně, avšak kritici poukazují na problémy spojené s dalším rozšiřováním EU, jimiž mohou být migrace, bezpečnost vnějších hranic EU nebo ekonomická zátěž EU. 		Rozširovanie EÚ	EÚ by nemala príjmať nové členské štáty	
	Financial Transaction Tax	The EU should introduce a tax on financial transactions.	Daň z finančních transakcí	EU by měla zavést daň z finančních transakcí ("tzv. Tobinovu daň")	Podle zastánců by daň z finančních transakcí (tzv. "Tobinova daň", zhruba 0.01%-0.1%) měla zabraňovat finančním spekulacím. Kritici argumentují, že takové opatření by muselo být zavedeno celosvětově, jinak by vedlo k velkému přesunu firem za hranice EU. 	Podle zastánců by daň z finančních transakcí neboli tzv. Tobinova daň měla regulovat pohyb transakcí prováděných finančními institucemi a zabraňovat spekulacím. Kritici argumentují, že takové opatření by muselo být zavedeno celosvětově, jinak by vedlo k velkému přesunu firem za hranice EU. 	Daň z finančních transakcí neboli tzv. Tobinova daň by měla regulovat pohyb velkého množství spekulativních transakcí prováděných finančními institucemi. Kritici však argumentují, že takové opatření by muselo být zavedeno celosvětově, jinak by vedlo k velkému přesunu firem za hranice EU. 		Daň z finančných transakcií	EÚ by mala zaviesť daň z finančných transakcií ("tzv. Tobinová daň")	
	European Army	EU member states should create a European army.	Evropská armáda	EU by měla mít vlastní armádu.	V současné době EU nemá, krom výjimek jako bitevní skupiny, vlastní armádu. Podle zastánců by existence společné armády zvýšilo postavení EU na mezinárodní scéně a přispělo k řešení konfliktů. Podle kritiků by obrana měla zůstat pouze v rukou členských států.	Podle zastánů by úspěšné fungování společné armády mohlo zvýšit postavení EU na mezinárodní scéně a přispět k efektivnímu řešení konfliktů. Podle kritiků by obrana měla zůstat v rukou členských států.	Společná evropská armáda je projekt Společné zahraniční a bezpečnostní politiky Unie, jenž stojí na ochotě, schopnosti a kapacitě členských států. Úspěšné fungování armády by mohlo zvýšit postavení EU na mezinárodní scéně a přispět k efektivnímu řešení konfliktů. Problémem je však schopnost států dohodnout se na jednotném postupu a prioritách spolu s neochotou zemí vyčlenit investice a prostředky na fungování tohoto projektu.	http://www.evropa2045.cz/hra/napoveda.php?kategorie=2&tema=59	Európska armáda	EÚ by mala mať vlastnú armádu	
	Dismissal of Commissioners	The European Parliament should be able to sack individual commissioners.	Odvolatelnost komisařů	Evropský parlament by měl mít možnost odvolat jednotlivé evropské komisaře	Komisaři jsou do své funkce navrhováni členskými státy. Komise ("evropská vláda") jako celek je schválena Evropským parlamentem. Jediný způsob, jakým může být celá komise odvolána, je vyhlášení nedůvěry Evropským parlamentem, s dvěma třetinami hlasů jeho poslanců. Odvolat jednotlivého komisaře parlament nemůže.	Komisaři jsou do své funkce navrhováni členskými státy a společně jmenováni Radou EU a předsedou Evropské komise. Předseda je navržen Evropskou radou a musí být schválen Evropským parlamentem. Komise jako celek je schválena Evropským parlamentem a podléhá přímo jemu. Jediný způsob, jakým může být celá komise odvolána, je vyhlášení nedůvěry Evropským parlamentem, s dvěma třetinami hlasů jeho poslanců.	Komisaři pocházejí z členských států a jsou těmito státy do své funkce navrhováni. Jsou zcela nezávislí, nesmějí přijímat instrukce od státu, ze kterého pocházejí. Komisaři jsou společně jmenováni Radou EU a předsedou Evropské komise. Předseda je navržen Evropskou radou a musí být schválen Evropským parlamentem, předseda také uděluje jednotlivým komisařům jejich resorty. Komise jako celek je schválena Evropským parlamentem a podléhá přímo jemu. Jediný způsob, jakým může být celá komise odvolána, je vyhlášení nedůvěry Evropským parlamentem, s dvěma třetinami hlasů jeho poslanců.	nevím, jestli "sack" je to správný překlad	Odvolateľnosť komisárov	Európsky parlament by mal mať možnosť odvolať jednotlivých európskych komisárov	
	EU Foreign Policy	More foreign policy areas should be agreed at an EU level.	Zahraniční politika EU	Více oblastí zahraniční politiky by mělo být rozhodováno na úrovni EU.	EU si dala možnost provádět společnou zahraniční a bezpečnostní politiku, ale tato možnost se využívá jen omezeně. Pro členské státy jsou cíle sice závazné, ale evropské právo nemá žádné sankce za porušení.	EU si dala možnost provádět společnou zahraniční a bezpečnostní politiku, ale tato možnost se využívá jen omezeně. Pro členské státy jsou cíle sice závazné, ale evropské právo nemá žádné sankce za porušení.	Zahraniční politika Evropské unie byla založena Maastrichtskou smlouvou v roce 1993, společně s bezpečnostní politikou EU. EU si dala možnost provádět společnou zahraniční a bezpečnostní politiku, reálně ale brzy došlo k tomu, že členské státy této možnosti využívají jen omezeně. V zahraniční politice se může jednat o cíle evropské politiky vůči zemím nebo regionům, ale i o vojenská témata, jako je nešíření zbraní hromadného ničení. Pro členské státy jsou sice závazné, ale evropské právo nemá žádné sankce za porušení, a tak tlak na jejich dodržování je pouze politický.		Zahraničná politika EÚ	Viac oblastí zahraničnej politiky by malo byť na úrovni EÚ	
	EU Development Aid	The EU should increase the amount of money it spends on foreign aid.	Rozvojová pomoc EU	EU by měla zvýšit prostředky na zahraniční pomoc.	EU je největším světovým poskytovatelem rozvojové pomoci. Podle zastánců rozvojová pomoc pomáhá v cílových zemích a zabraňuje tak mj. populační explozi a snižuje emigraci do bohatších zemí jako jsou země EU. Podle odpůrců podstatná část je rozkradena vládními vrstvami a zločineckými strukturami a nedostane se tak k těm, kterým je určena.	EU je největším světovým poskytovatelem rozvojové pomoci. Podle zastánců rozvojová pomoc zvyšuje životní úroveň v rozvojových zemích, podle odpůrců naopak jejich ekonomiky poškozuje, protože vytváří závislost na další pomoci.	EU je největším světovým poskytovatelem rozvojové pomoci. Z celkové rozvojové aktivity řídí pětinu Evropská komise a zbytek členské státy. Pomoc pro rozvoj od EU je realizována prostřednictvím řady podpůrných programů financovaných z rozpočtu EU. Evropský rozvojový fond, který funguje na dohodě členských zemí, poskytuje prostředky na rozvoj méně vyspělých zemí. Další prostředky poskytuje Evropská investiční banka, která poskytuje zvýhodněné úvěry rozvojovým zemím. 		Rozvojová pomoc EÚ	EÚ by mala zvýšiť prostriedky na zahraničnú pomoc	
	Eurobonds	There should be Eurobonds, whereby all Eurozone countries can be guarantors when one of them takes out a loan.	Společné evropské dluhopisy	Měly by být zavedeny společné evropské dluhopisy pro země eurozóny.	Pomocí společných evropských dluhopisů (eurobondů) by investoři půjčovali finance eurozóně jako celku. Eurobondy mají pomoci řešit dluhovou krizi snížením nákladů úvěrů pro země jako Řecko nebo Portugalsko, což by pomohlo jim i celé eurozóně. Kritici upozorňují na morální hazard, jednotlivé země by nesly nižší riziko a mohly se chovat nezodpovědně.	Evropská komise chce garantovat úvěry na důležité projekty rozpočtem EU. Podle zastánců by měly stabilizovat ekonomiky členských států. Podle odpůrců by dluhopisy mohly "zničit" euro a snížily by konkurenci v eurozóně.	Evropská komise chce garantovat úvěry na důležité projekty rozpočtem EU, kdy toto navrhl Komisař pro hospodářské a měnové otázky Olli Rehnem. Podle něj by se měly zvýšit investice do evropského hospodářství o miliardy. Garance rozpočtem EU a Evropskou investiční bankou sníží zbylé riziko dopravních a energetických projektů. Toto by mělo stabilizovat evropské ekonomiky států. Opačné názory tvrdí, že by dluhopisy mohly "zničit" euro a snížily by konkurenci v eurozóně, která je podle odborníků důležitá.		Spoločné európské dlhopisy	Mali by byť zavedené spoločné európske dlhopisy, ktorými by štáty eurozóny ručili v prípade finančného úveru	
	Same-sex Marriages	Member states must recognise same-sex marriages conducted in other EU countries.	Sňatky osob stejného pohlaví 	Členské státy musí uznat sňatky osob stejného pohlaví, které jsou uzavřeny v jiné členské zemi EU.	Evropský soud pro lidská práva v roce 2010 rozhodl, že registrované partnerství není lidským právem a smluvní státy nemají povinnost jej umožňovat uzavřít a uznávat. Zastánci požadují stejná práva pro homosexuální dvojice v celé EU. Odpůrci odmítají uznávat registrované partnerství např. z náboženských důvodů.	Evropský soud pro lidská práva v roce 2010 rozhodl, že registrované partnerství není lidským právem a smluvní státy nemají povinnost jej umožňovat uzavřít a uznávat. Zastánci požadují stejná práva pro homosexuální dvojice v celé EU a ne jen v některých zemích. Odpůrci odmítají uznávat registrované partnerství např. z náboženských důvodů.	Evropský soud pro lidská práva v roce 2010 rozhodl, že registrované partnerství není lidským právem a smluvní státy nemají povinnost jej umožňovat uzavřít a uznávat. Zástupci některých organizací, které bojují za lidská práva, usilují o schválení jednotné legislativy, jež by zaručovala základní práva párů stejného pohlaví platná pro celou EU. Nejzásadnější problém je, že toto není v kompetenci EU a tím se některé státy ohrazují a brání. Státy odmítají uznávat registrované partnerství např. z náboženských důvodů. EU by chtěla stejná práva pro homosexuální dvojice v celé EU a ne jen v některých zemích, aby se mohly tyto osoby volně pohybovat a nebyly "utiskovány" v členských zemích EU.		Sobáše osôb rovnakého pohlavia	Členské štáty musia uznať sobáše osôb ronakého pohlavia, ktorú sú zavedené v inej členskej krajine EÚ	
	Asylum Laws	The rules for accommodating asylum-seekers should be the same in every EU country.	Azylové zákony	Podmínky pro udělení azylu by měly být stejné ve všech členských státech EU	Podle zastánců by sjednocení podmínek pro udělení azylu zamezilo "přelévání" lidí, hledajících azyl, z jedné země EU do jiné. Odpůrci naopak argumentují, že situace se liší v jednotlivých státech, proto by regulace udělování azylu měls zůstat na národní úrovni.	Podle zastánců by sjednocení podmínek pro udělení azylu zamezilo "přelévání" lidí, hledajících azyl, z jedné země EU do jiné. Odpůrci naopak argumentují, že situace se liší v jednotlivých státech, proto by regulace udělování azylu měls zůstat na národní úrovni.	Základem azylové politiky je status uprchlíka a základní princip nemožnosti návratu do země původu, jestliže mu hrozí újma na životě či osobní svobodě. Migrace a azylová politika představují pro EU stále více sledovaný problém, protože všechny státy neposkytují azyl v takové míře, v jaké by měly, a některé státy dokonce platí uprchlíkům, aby žádali o azyl v jiném státě. To odůvodňují tím, že uprchlíci nemají žádné naděje a nároky na sociální dávky a je tedy nesprávné jim dávat naději. Tyto nesrovnalosti a nestejné služby poskytování azylu všech států EU mohou vést k násilnostem a nepokojům. Naopak zavedení stejného práva na azyl ve všech členských zemích by mohlo zajistit všem lidem stejné podmínky ve všech státech EU.		Azylové zákony	Podmienky pre udelenie azylu by mali byť rovnaké vo všetkých členských štátoch EÚ	
	European Taxes	The EU should be able to raise European taxes to replace member states contributions.	Evropské daně	EU by měla vybírat evropské daně, které by nahradily existující příspěvky členských států.	V současné době většina příjmů EU pochází z příspěvků jednotlivých zemí na základě výše jejich hrubého národního produktu. Zavedením evropské daně by se zvýšila nezávislost rozpočtu EU na členských zemích.	V současné době většina příjmů EU pochází z příspěvků jednotlivých zemí na základě výše jejich hrubého národního produktu. Zavedení evropské daně by se zvýšilo nezávislost institucí EU na národních státech.	EU chce zavést vybírání daní od občanů všech členských států místo příspěvků členských států. EU se chce tímto krokem vyvarovat přímého spojení mezi národními rozpočty a rozpočtem Unie, a tím i změnit příjmy rozpočtu EU. Cílem je získat více prostředků do kasy EU. Některé země kontrují tím, že zavedení evropské daně by si vyžádalo v členských zemích referendum o tomto kroku.		Európské dane	EÚ by mala mať možnosť vyberať európske dane, ktoré by nahradili príspevky členských štátov	
	Leaving EU	My country should leave EU.	Vystoupení z EU	Česká republika by měla vystoupit z EU.	Evropskou unii tvoří 28 zemí, mj. všechny sousední země. Mimo EU je v Evropě např. Ukrajina, Bělorusko, Švýcarsko nebo Norsko.	Evropskou unii tvoří 28 zemí, mj. všechny sousední země. Mimo EU je v Evropě např. Ukrajina, Bělorusko, Švýcarsko nebo Norsko. Podle zastánců je členství v EU ekonomicky výhodné, podle odpůrců tomu tak není.					
			Federalizace EU	EU by se měla stát federací.	Státní moc je ve federaci rozložena mezi federální orgány a orgány členských zemí, což je zajištěno ústavou. Federací jsou např. USA, Rusko, Brazílie nebo Indie. Naopak ale arabské nebo latinsko-americké země jsou samostatné, i přesto že se tam mluví jedním jazykem. 	Státní moc je ve federaci rozložena mezi federální orgány a orgány členských zemí, což je zajištěno ústavou. Federací jsou např. USA, Rusko, Brazílie nebo Indie. Podle zastánců by federalizace zefektivnila politický systém EU a posílila její postavení v mezinárodní politice. Podle odpůrců by odebrání části pravomocí členským státům ztížilo možnost občanů rozhodovat o politice.					
			Komise dle voleb	Složení Evropské komise by mělo odpovídat výsledkům eurovoleb.	Do Evropské komise ("evropské vlády") její komisaře nyní nominují vlády členských zemí EU. Komise tedy neodpovídá výsledkům eurovoleb, např. je v ní jeden nutně jeden komisař z každé země (z největšího Německa i z nejmenší Malty). 	Do Evropské komise ("evropské vlády") komisaře nyní nominují vlády členských zemí EU. Komise tedy neodpovídá výsledkům eurovoleb, je v ní jeden komisař z každé země (z největšího Německa i z nejmenší Malty).	 	konkretizovat, není mi jasné, jak je to myšleno (jako že by v komisi měly být proporčně zastoupeny všechny frakce přítomné v EP? Nebo že by předseda Komise měl být z vítězné strany?)			
			Evropské referendum	Měla by být možnost vypsání celoevropského referenda na základě petice. 	Český občan může vyvolat referendum na místní a krajské úrovni, nikoli na celostátní nebo celoevropské. Podle zastánců by zavedení evropského referenda zvýšilo možnost občanů rozhodovat, podle odpůrců by bylo nákladné a mohlo by vést k přijímání populistických opatření.	Český občan může vyvolat referendum na místní a krajské úrovni, nikoli na celostátní nebo celoevropské. Podle zastánců by zavedení evropského referenda zvýšilo možnost občanů rozhodovat, podle odpůrců by bylo nákladné a mohlo by vést k přijímání populistických opatření.					
			Zrušení letního času 	Letní čas by měl být zrušen.	Letní čas se používá, neboť mnoho aktivit ve společnosti se řídí hodinami a nemění se v průběhu roku (školy, zaměstnání), ač čas denního světla se mění. Původně byl zaveden s cílem šetřit energii, ačkoli nyní je již tento efekt minimální. Letní čas je zaváděn po celé Evropě, poprvé na světě v Rakousku-Uhersku 1916.	Letní čas se používá, neboť mnoho aktivit ve společnosti se řídí hodinami a nemění se v průběhu roku (školy, zaměstnání), ač čas denního světla se mění. Původně byl zaveden s cílem šetřit energii, ačkoli nyní je již tento efekt minimální. Letní čas je zaváděn po celé Evropě, poprvé na světě v Rakousku-Uhersku 1916.					
			Euro-záruka na zboží	Zboží zakoupené v EU by měĺo být možné reklamovat u stejné firmy v jakékoliv zemi EU.	Reklamovat zboží obecně nelze u pobočky stejné firmy v jiné zemi EU. Např. v rámci ČR to ale ze zákona možné je. 	Reklamovat zboží obecně nelze u pobočky stejné firmy v jiné zemi EU. Např. v rámci ČR to ale ze zákona možné je. 					
			Euro-živnost	Živnostenský list by měl stačit k výkonu daného řemesla či podnikání po celé EU. 	V současné době nelze např. na základě českého živnostenského listu dlouhodobě podnikat na Slovensku. Ale stejný živnostenský list platí po celé ČR. 	V současné době nelze např. na základě českého živnostenského listu dlouhodobě podnikat na Slovensku, ale stejný živnostenský list platí po celé ČR. 					
			Erasmus na středních školách	Erasmus by měl být rozšířen i na střední školy.	Program Erasmus podporuje studenty vysokých škol, aby část studia proběhla v jiné zemi EU. Náklady Erasmu z rozpočtu EU jsou nyní zhruba 2 miliardy eur ročně.	Program Erasmus podporuje studenty vysokých škol, aby část studia proběhla v jiné zemi EU.					
			Stejné sazby DPH 	Sazby DPH by měly být sjednocené v celé EU.	Výše daně z přidané hodnoty je v pravomoci členských zemí a je různá v celé EU, základní sazba od 15 do 27 %, např. u potravin potom mezi 0 a 27 %. Tyto rozdíly některé obchodníky zvýhodňují a jiné znevýhodňují.	Výše daně z přidané hodnoty je v pravomoci členských států a je různá v celé EU, Tyto rozdíly některé obchodníky zvýhodňují a jiné znevýhodňují.					
			Registrace auta	Registrace auta by měla platit po celé EU. 	Nyní je nutné pro auto koupené v jiné zemi EU zařídit speciální "převozní číslo", krátkodobé povinné ručení a po dovozu ho přeregistrovat. Starši auta nelze v jiné zemi EU kupovat vůbec. 	Nyní je nutné pro auto koupené v jiné zemi EU zařídit speciální "převozní číslo", krátkodobé povinné ručení a po dovozu ho přeregistrovat. Starši auta nelze v jiné zemi EU kupovat vůbec. 					
			Dohoda EU-USA	Smlouva o "Transatlantickém partnerství pro obchod a investice" (TTIP) mezi EU a USA by měla být schválena.	Zastánci dohody argumentují, že posílí ekonomiku EU. Kritici varují, že EU ani její členské státy nebudou moci např. účinně regulovat těžbu břidlicového plynu, pěstování geneticky upravených plodin nebo finanční sféru.	Zastánci dohody argumentují, že posílí ekonomiku EU. Kritici varují, že EU ani její členské státy nebudou moci např. účinně regulovat těžbu břidlicového plynu, pěstování geneticky upravených plodin nebo finanční sféru.					
			Dálniční známka 	Měla by existovat speciální dálniční známka (nebo podobný systém) platná v celé EU 	V současné době v 7 zemích EU existují dálniční známky a v dalších 10 se platí mýtné. Naopak povinné ručení - "zelená karta" - platí po celé EU. 	V současné době v sedmi zemích EU existují dálniční známky a v dalších deseti se platí mýtné. Naopak povinné ručení - "zelená karta" - platí po celé EU. 					
			Žárovky	Prodej žárovek nad 60W by měl být opět povolen.	Nařízení EU zakazuje prodej žárovek nad 60W. Bylo zavedeno z důvodu omezení plýtvání energií. Podobné platí např. i ve Švýcarsku, Rusku, Austrálii, Kanadě nebo Brazílii. Oponenti argumentují, že alternativy k žárovce jsou dražší a nehodí se na všechna použití. 	Nařízení EU zakazuje prodej žárovek nad 60W. Podobné opatření platí např. i ve Švýcarsku, Rusku, Austrálii, Kanadě nebo Brazílii. Podle zastánců se díky tomu šetří energie. Oponenti argumentují, že alternativy k žárovce jsou dražší a nehodí se na všechna použití.		Text otázky je obvious bullshit, každý na to řekne "včera jsem si koupil žárovku v pohodě". Ty detaily musí být rovnou v textu otázky.			
			Policie EU	Měla by se zvětšit policie EU. 	V současné době na úrovni EU působí jen Europol s méně než 1000 zaměstnanců. Podle zastánců by zvětšení této instituce zvýšilo bezpečnost, podle odpůrců by policie měla zůstat v pravomoci členských států.	V současné době na úrovni EU působí jen Europol s méně než 1000 zaměstnanců. Podle zastánců by zvětšení této instituce zvýšilo bezpečnost, podle odpůrců by policie měla zůstat v pravomoci členských států.		Otázka nejasná. Navíc Europol je spíš o policejní spolupráci, není to přímo "policie" v běžném slova smyslu. Spíš bych se ptal na úřad evropského žalobce.			
			Nižší dotace pro zemědělství	Dotování zemědělců z peněz EU by se mělo snížit.	Více jak 1/3 rozpočtu EU jde na podporu zemědělství, z největší části na přímé dotace zemědělcům. Podle zastánců podpora zemědělství zvyšuje soběstačnost EU oproti dovozu potravin ze zemí mimo EU a zvyšuje životní úroveň na venkově. Podle odpůrců je příliš nákladná a zvyšuje ceny pro zákazníky.	Více jak 1/3 rozpočtu EU jde na podporu zemědělství, z největší části na přímé dotace zemědělcům. Podle zastánců podpora zemědělství zvyšuje soběstačnost EU oproti dovozu potravin ze zemí mimo EU a zvyšuje životní úroveň na venkově. Podle odpůrců je příliš nákladná a zvyšuje ceny pro zákazníky.					
			Data o cestujících do USA	Letecké společnosti by měly dále posílat data o cestujících do USA.	Letecké společnosti jsou nyní nuceny posílat veškeré údaje o cestujících do USA tamnímu Ministerstvu vnitřní bezpečnosti, které je dle dohody s EU legálně ukládá na 10 let. Zastánci obhajují opatření bojem proti terorismu. Oponenti ukazují na slabou ochranu těchto dat proti zneužití.	Letecké společnosti jsou nyní nuceny posílat veškeré údaje o cestujících do USA tamnímu Ministerstvu vnitřní bezpečnosti, které je dle dohody s EU legálně ukládá na 10 let. Zastánci obhajují opatření bojem proti terorismu. Oponenti ukazují na slabou ochranu těchto dat proti zneužití.					
			Délka copyrightu	Doba ochrany autorských děl by se měla v EU zkrátit.	Autorská díla jako knihy nebo filmy jsou v EU chráněna po dobu 70 let od úmrtí autora, hudba po dobu 50 let. Obhájci argumentují tím, že bez takové ochrany by některá díla ani nevznikla. Kritici upozorňují, že takto dlouhá ochrana omezuje tvorbu odvozených děl a že tato ochrana původně fungovala jen jako ochrana autora před vydavatelem, nikolv pro nekomerční využití.  						
			Omezení volného pohybu pracovníků	Země EU by měly mít možnost omezit zaměstnávání občanů z jiných zemí EU. 	Volný pohyb zaměstnanců (možnost být zaměstnán v jakékoliv zemi EU) je jednou ze základních svobod v EU. Kritici argumentují např. zneužíváním sociálního systému cílové země. Obhájci ukazují, že země, kde lidé z jiných zemí pracují, na tom celkově ekonomicky vydělává. 						
			Fiskální pakt	ČR by měla přistoupit k tzv. Fiskálnímu paktu	Tzv. Fiskální pakt podepsaly všechny země EU mimo ČR a Velkou Británii. Pakt mj. určuje omezení na schodek státních rozpočtů zemí EU (0.5 - 1 % z HDP). Nedodržení může vést k finančním sankcím, ale jen pro země platící eurem. Oponenti ukazují na podřízení státního rozpočtu Evropské komisi. Obhájci říkají, že zamezí vládám nadměrně zadlužovat zemi. 	http://ec.europa.eu/economy_finance/articles/governance/2012-03-14_six_pack_en.htm					
			Tuzemský rum a pomazánkové máslo 	EU by měla přestat určovat podrobné normy pro potraviny.	V EU existují normy, které mj. vyhrazují prodejní označení 'máslo' pro produkty obsahující alespoň 80 % mléčného tuku, odtud povinnost stáhnout název 'pomazánkové máslo', které obsahuje tuku výrazně méně. Podobně 'rum' musí obsahovat alkohol z cukrové třtiny, čemuž tak není v případě 'tuzemského rumu'. 	http://europa.eu/rapid/press-release_IP-10-1224_cs.htm					
	Euro		Euro	V České republice by se mělo zavést Euro do roku 2020.	Eurem se platí v 18 zemích EU a několika dalších mimo EU. Ze sousedních zemí se Euro používá v Německu, Rakousku, na Slovensku, ale v Polsku ne. Členské státy se vstupem do EU zavázaly k přijetí Eura. Podle zastáncl by přijetí Eura bylo ekonomicky výhodné, podle odpůrců tomu tak není.	Eurem se platí v 18 zemích EU a několika dalších mimo EU. Ze sousedních zemí se Euro používá v Německu, Rakousku, na Slovensku, ale v Polsku ne. Členské státy se vstupem do EU zavázaly k přijetí Eura. Podle zastáncl by přijetí Eura bylo ekonomicky výhodné, podle odpůrců tomu tak není.		není v pravomoci EU			
	Euro								Slovenská koruna	Slovensko by sa malo vrátiť ke Korune	
	Crisis in Ukraine	EU should not react to Russian actions around the crisis in Ukraine.	Krize na Ukrajině	EU by neměla nijak reagovat na postup Ruska v souvislosti s krizí na Ukrajině.		V reakci na protesty na Ukrajině Rusko vyslalo vojenské jednotky na Krym, který vyhlásil nezávislost. Existuje možnost, že Rusko vyšle vojáky i na východ Ukrajiny. Podle zastánců RUsko má právo bránit rusky hovořící obyvatele Ukrajiny. Podle odpůrců Rusko nemá právo vysílat vojska na území cizích států.	Téma dobré, ale otázka se mi nezdá: nějaká reakce musí být, třeba i jen uznání Krymu v Rusku nebo naopak neuznání - ale i to je pak reakce. Podle mě taková věc nejde zcela ignorovat ryze z praktických důvodů. 				